{"stat.useItem.minecraft.bow":372,"stat.useItem.minecraft.quartz_block":3,"stat.pickup.minecraft.wooden_slab":29,"stat.craftItem.minecraft.diamond_hoe":1,"stat.leaveGame":22,"stat.drop.minecraft.redstone":296,"stat.useItem.minecraft.glowstone":31,"stat.mineBlock.minecraft.sandstone":105,"stat.craftItem.minecraft.ender_eye":16,"stat.drop.minecraft.enchanted_book":1,"stat.mineBlock.minecraft.web":60,"stat.drop.minecraft.iron_sword":14,"stat.pickup.minecraft.rotten_flesh":148,"stat.useItem.minecraft.diamond_hoe":4,"achievement.diamondsToYou":1,"stat.craftItem.minecraft.stone_axe":5,"stat.pickup.minecraft.cobblestone_wall":22,"stat.pickup.minecraft.bucket":6,"stat.useItem.minecraft.rail":42,"stat.killEntity.Enderman":24,"stat.mineBlock.minecraft.wooden_slab":31,"stat.pickup.minecraft.leather_boots":1,"stat.useItem.minecraft.anvil":2,"stat.craftItem.minecraft.iron_shovel":4,"stat.pickup.minecraft.brown_mushroom":4,"achievement.buildPickaxe":45,"stat.killEntity.Witch":4,"stat.drop.minecraft.sand":32,"stat.drop.minecraft.gold_ingot":3,"stat.useItem.minecraft.iron_pickaxe":3998,"stat.pickup.minecraft.stained_hardened_clay":2,"stat.craftItem.minecraft.wooden_pickaxe":1,"stat.useItem.minecraft.iron_shovel":627,"stat.drop.minecraft.chainmail_leggings":1,"stat.pickup.minecraft.double_plant":4,"stat.craftItem.minecraft.bed":8,"stat.mineBlock.minecraft.hopper":6,"stat.furnaceInteraction":624,"stat.useItem.minecraft.nether_wart":8,"stat.drop.minecraft.gravel":31,"stat.mineBlock.minecraft.rail":41,"stat.killEntity.ZombieVillager":3,"stat.pickup.minecraft.nether_brick":229,"stat.entityKilledBy.WitherSkeleton":1,"stat.pickup.minecraft.beef":65,"stat.mineBlock.minecraft.wooden_button":1,"stat.pickup.minecraft.cauldron":3,"stat.mineBlock.minecraft.stained_hardened_clay":2,"stat.useItem.minecraft.fence":20,"achievement.openInventory":2284,"stat.pickup.minecraft.potion":12,"stat.useItem.minecraft.cauldron":4,"stat.mineBlock.minecraft.fence":55,"stat.useItem.minecraft.flint_and_steel":8,"stat.useItem.minecraft.wheat_seeds":264,"stat.killEntity.Husk":61,"stat.useItem.minecraft.dye":138,"stat.pickup.minecraft.lever":4,"stat.deaths":16,"stat.pickup.minecraft.egg":3348,"stat.mineBlock.minecraft.stone_pressure_plate":2,"stat.useItem.minecraft.nether_brick":8,"stat.craftItem.minecraft.iron_pickaxe":16,"stat.drop.minecraft.torch":305,"stat.drop.minecraft.iron_ingot":15,"stat.drop.minecraft.glass_bottle":9,"stat.mineBlock.minecraft.tallgrass":526,"stat.craftItem.minecraft.cooked_mutton":7,"stat.pickup.minecraft.cooked_mutton":15,"achievement.potion":160,"stat.chestOpened":2459,"stat.useItem.minecraft.splash_potion":7,"stat.craftItem.minecraft.sign":18,"stat.useItem.minecraft.stone":23,"stat.pickup.minecraft.arrow":494,"stat.pickup.minecraft.iron_sword":26,"stat.pickup.minecraft.wooden_pressure_plate":1,"stat.killEntity.Ghast":11,"stat.useItem.minecraft.ender_chest":2,"stat.craftItem.minecraft.quartz_block":125,"stat.drop.minecraft.iron_pickaxe":12,"stat.craftItem.minecraft.ender_chest":2,"stat.pickup.minecraft.carrot":368,"stat.drop.minecraft.stone_sword":1,"stat.crouchOneCm":26891,"achievement.killCow":13,"stat.pickup.minecraft.rail":50,"stat.mineBlock.minecraft.chest":3,"stat.craftItem.minecraft.iron_ingot":421,"stat.craftItem.minecraft.hopper":11,"stat.drop.minecraft.slime_ball":1,"stat.craftingTableInteraction":386,"stat.pickup.minecraft.nether_brick_fence":36,"stat.mineBlock.minecraft.wooden_pressure_plate":1,"stat.mineBlock.minecraft.log2":321,"stat.useItem.minecraft.reeds":3,"stat.craftItem.minecraft.wooden_sword":1,"stat.pickup.minecraft.dye":458,"stat.pickup.minecraft.planks":560,"stat.craftItem.minecraft.diamond_shovel":1,"stat.pickup.minecraft.wheat_seeds":477,"stat.drop.minecraft.soul_sand":14,"stat.mineBlock.minecraft.glass":2,"stat.mineBlock.minecraft.dirt":903,"stat.pickup.minecraft.poisonous_potato":18,"stat.drop.minecraft.paper":16,"stat.useItem.minecraft.bread":6,"stat.pickup.minecraft.brewing_stand":1,"stat.drop.minecraft.rotten_flesh":6,"stat.useItem.minecraft.cobblestone":1500,"stat.pickup.minecraft.magma":80,"stat.useItem.minecraft.gravel":304,"stat.mineBlock.minecraft.double_plant":25,"stat.minecartOneCm":14335,"stat.pickup.minecraft.iron_pickaxe":15,"stat.drop.minecraft.iron_ore":103,"stat.craftItem.minecraft.gold_ingot":122,"stat.pickup.minecraft.hopper":5,"stat.pickup.minecraft.chicken":430,"stat.pickup.minecraft.tipped_arrow":34,"stat.craftItem.minecraft.brewing_stand":2,"stat.pickup.minecraft.apple":6,"stat.breakItem.minecraft.stone_shovel":1,"achievement.portal":77,"stat.craftItem.minecraft.bucket":4,"stat.craftItem.minecraft.planks":1364,"stat.useItem.minecraft.iron_sword":1090,"stat.itemEnchanted":74,"stat.pickup.minecraft.stone_sword":3,"stat.pickup.minecraft.book":50,"stat.useItem.minecraft.stonebrick":16,"stat.mineBlock.minecraft.log":503,"achievement.acquireIron":42,"stat.pickup.minecraft.iron_door":6,"stat.craftItem.minecraft.paper":189,"stat.pickup.minecraft.red_flower":4,"stat.pickup.minecraft.wool":53,"stat.pickup.minecraft.tripwire_hook":1,"stat.useItem.minecraft.iron_axe":353,"stat.mineBlock.minecraft.pumpkin":5,"stat.mineBlock.minecraft.cobblestone":451,"stat.pickup.minecraft.stone_pickaxe":31,"stat.pickup.minecraft.flint":96,"stat.mineBlock.minecraft.yellow_flower":3,"stat.useItem.minecraft.skull":7,"stat.pickup.minecraft.leather_chestplate":1,"stat.craftItem.minecraft.wool":47,"stat.drop.minecraft.saddle":1,"stat.drop.minecraft.cobblestone":31,"achievement.buildWorkBench":21,"stat.pickup.minecraft.cooked_porkchop":10,"stat.breakItem.minecraft.iron_pickaxe":5,"stat.craftItem.minecraft.arrow":332,"stat.useItem.minecraft.obsidian":42,"stat.pickup.minecraft.bow":21,"stat.pickup.minecraft.iron_boots":13,"stat.craftItem.minecraft.furnace":14,"stat.useItem.minecraft.egg":860,"stat.craftItem.minecraft.iron_boots":7,"stat.craftItem.minecraft.cooked_beef":26,"stat.mineBlock.minecraft.obsidian":64,"stat.pickup.minecraft.shears":2,"stat.craftItem.minecraft.bow":10,"stat.flyOneCm":6763898,"stat.drop.minecraft.iron_helmet":10,"stat.pickup.minecraft.sandstone":264,"stat.pickup.minecraft.nether_brick_stairs":1,"stat.timeSinceDeath":149161,"stat.cauldronFilled":1,"stat.useItem.minecraft.wooden_slab":82,"stat.drop.minecraft.spider_eye":2,"stat.craftItem.minecraft.iron_block":6,"stat.craftItem.minecraft.stonebrick":120,"stat.drop.minecraft.blaze_powder":1,"stat.useItem.minecraft.potato":700,"stat.pickup.minecraft.nether_wart":77,"stat.drop.minecraft.wool":10,"stat.mineBlock.minecraft.coal_ore":1464,"stat.pickup.minecraft.shield":17,"stat.killEntity.Creeper":51,"stat.talkedToVillager":15,"stat.drop.minecraft.baked_potato":326,"stat.pickup.minecraft.string":381,"stat.mineBlock.minecraft.ladder":26,"stat.useItem.minecraft.milk_bucket":2,"stat.drop.minecraft.obsidian":4,"achievement.buildSword":12,"stat.pickup.minecraft.birch_stairs":3,"stat.sprintOneCm":7044503,"stat.useItem.minecraft.diamond_shovel":305,"stat.mineBlock.minecraft.stone_slab":17,"stat.mineBlock.minecraft.diamond_ore":62,"stat.drop.minecraft.lava_bucket":1,"stat.craftItem.minecraft.wooden_pressure_plate":4,"achievement.killEnemy":709,"stat.pickup.minecraft.sugar":25,"stat.useItem.minecraft.wooden_sword":16,"stat.useItem.minecraft.ladder":128,"stat.killEntity.Zombie":61,"stat.craftItem.minecraft.dye":142,"stat.useItem.minecraft.birch_stairs":32,"stat.craftItem.minecraft.diamond_axe":1,"stat.mineBlock.minecraft.gold_ore":126,"stat.diveOneCm":103586,"stat.drop.minecraft.diamond_pickaxe":4,"stat.pickup.minecraft.wheat":203,"stat.mineBlock.minecraft.mossy_cobblestone":65,"stat.craftItem.minecraft.ladder":141,"achievement.buildHoe":3,"stat.pickup.minecraft.sign":27,"stat.craftItem.minecraft.cooked_porkchop":18,"stat.pickup.minecraft.stone_axe":3,"stat.pickup.minecraft.obsidian":68,"stat.craftItem.minecraft.diamond_sword":4,"stat.jump":34212,"stat.useItem.minecraft.sand":45,"stat.pickup.minecraft.coal":2809,"stat.pickup.minecraft.iron_ingot":161,"stat.craftItem.minecraft.lever":2,"stat.drop.minecraft.diamond_sword":7,"stat.pickup.minecraft.gunpowder":109,"stat.craftItem.minecraft.torch":1944,"stat.pickup.minecraft.dirt":1592,"achievement.makeBread":5,"stat.drop.minecraft.iron_shovel":4,"stat.craftItem.minecraft.fermented_spider_eye":4,"stat.useItem.minecraft.glass":23,"stat.pickup.minecraft.stone_shovel":2,"stat.pickup.minecraft.gold_ore":139,"stat.useItem.minecraft.sapling":4,"stat.mineBlock.minecraft.lapis_ore":34,"achievement.blazeRod":55,"stat.pickup.minecraft.iron_axe":12,"stat.brewingstandInteraction":317,"stat.damageTaken":30579,"stat.mineBlock.minecraft.torch":199,"stat.mineBlock.minecraft.melon_block":3,"stat.useItem.minecraft.gold_block":13,"stat.pickup.minecraft.magma_cream":4,"stat.pickup.minecraft.ender_eye":11,"stat.pickup.minecraft.log2":326,"stat.craftItem.minecraft.glowstone":47,"stat.pickup.minecraft.bed":14,"stat.pickup.minecraft.potato":1423,"stat.pickup.minecraft.rabbit_hide":1,"stat.pickup.minecraft.diamond_axe":1,"stat.killEntity.Silverfish":30,"stat.craftItem.minecraft.stone_slab":204,"stat.animalsBred":122,"stat.useItem.minecraft.chest":36,"stat.pickup.minecraft.diamond_pickaxe":9,"stat.useItem.minecraft.lava_bucket":68,"stat.drop.minecraft.netherrack":64,"stat.craftItem.minecraft.iron_chestplate":8,"stat.pickup.minecraft.baked_potato":657,"stat.drop.minecraft.potato":1,"stat.pickup.minecraft.ender_pearl":13,"stat.breakItem.minecraft.stone_hoe":1,"stat.pickup.minecraft.cooked_beef":3,"stat.pickup.minecraft.ladder":40,"stat.useItem.minecraft.netherrack":274,"stat.mineBlock.minecraft.tnt":18,"stat.drop.minecraft.nether_brick":108,"stat.mineBlock.minecraft.stonebrick":73,"stat.mineBlock.minecraft.glowstone":76,"stat.mobKills":1006,"stat.pickup.minecraft.diamond_boots":2,"stat.mineBlock.minecraft.bookshelf":25,"stat.craftItem.minecraft.shears":2,"stat.useItem.minecraft.boat":4,"stat.useItem.minecraft.mossy_cobblestone":28,"stat.useItem.minecraft.cobblestone_wall":41,"stat.pickup.minecraft.diamond":103,"stat.pickup.minecraft.beetroot_seeds":25,"stat.pickup.minecraft.iron_horse_armor":2,"stat.pickup.minecraft.torch":672,"stat.drop.minecraft.diamond_shovel":1,"stat.drop.minecraft.stone_axe":1,"stat.drop.minecraft.arrow":63,"stat.drop.minecraft.shears":1,"stat.useItem.minecraft.string":1,"stat.craftItem.minecraft.iron_axe":4,"stat.useItem.minecraft.soul_sand":32,"stat.killEntity.Blaze":98,"stat.drop.minecraft.shield":3,"stat.drop.minecraft.trapdoor":2,"stat.drop.minecraft.skull":1,"stat.useItem.minecraft.planks":269,"stat.pickup.minecraft.golden_boots":1,"stat.pickup.minecraft.glowstone_dust":253,"stat.pickup.minecraft.porkchop":26,"stat.pickup.minecraft.blaze_powder":2,"stat.pickup.minecraft.glass":3,"stat.useItem.minecraft.water_bucket":61,"stat.mineBlock.minecraft.nether_brick_fence":32,"stat.pickup.minecraft.sand":517,"stat.craftItem.minecraft.golden_apple":2,"stat.useItem.minecraft.golden_sword":26,"stat.entityKilledBy.Spider":1,"stat.pickup.minecraft.splash_potion":1,"achievement.diamonds":73,"stat.drop.minecraft.splash_potion":2,"stat.craftItem.minecraft.cobblestone_wall":24,"stat.craftItem.minecraft.stone_sword":3,"stat.mineBlock.minecraft.sand":212,"achievement.buildBetterPickaxe":45,"stat.craftItem.minecraft.blaze_powder":80,"stat.hopperInspected":163,"stat.useItem.minecraft.fence_gate":1,"stat.drop.minecraft.diamond":2,"stat.pickup.minecraft.ghast_tear":5,"stat.trappedChestTriggered":143,"achievement.breedCow":1,"stat.craftItem.minecraft.magma_cream":1,"stat.pickup.minecraft.wooden_button":2,"stat.drop.minecraft.stone_slab":10,"stat.mineBlock.minecraft.birch_stairs":3,"stat.useItem.minecraft.minecart":40,"stat.pickup.minecraft.furnace":3,"stat.useItem.minecraft.cooked_mutton":6,"stat.useItem.minecraft.redstone":37,"stat.drop.minecraft.wooden_button":1,"achievement.mineWood":776,"stat.pickup.minecraft.iron_chestplate":21,"stat.pickup.minecraft.skull":8,"stat.useItem.minecraft.stone_stairs":13,"stat.pickup.minecraft.stone_stairs":4,"stat.craftItem.minecraft.fence_gate":1,"stat.useItem.minecraft.hopper":18,"stat.pickup.minecraft.saddle":1,"stat.mineBlock.minecraft.soul_sand":24,"achievement.ghast":2,"stat.playOneMinute":2632960,"stat.pickup.minecraft.blaze_rod":79,"stat.pickup.minecraft.birch_door":2,"stat.drop.minecraft.string":2,"stat.useItem.minecraft.shears":186,"stat.pickup.minecraft.iron_bars":27,"stat.pickup.minecraft.netherrack":1716,"stat.pickup.minecraft.pumpkin":9,"stat.drop.minecraft.hopper":1,"stat.mineBlock.minecraft.netherrack":1566,"stat.drop.minecraft.flint":2,"stat.mineBlock.minecraft.gold_block":9,"stat.craftItem.minecraft.iron_hoe":2,"stat.pickup.minecraft.cooked_chicken":158,"stat.fallOneCm":737838,"stat.drop.minecraft.stone":18,"stat.drop.minecraft.dye":123,"stat.pickup.minecraft.melon_seeds":3,"stat.drop.minecraft.gold_ore":6,"stat.craftItem.minecraft.chest":44,"stat.mineBlock.minecraft.lever":4,"stat.pickup.minecraft.red_mushroom":1,"stat.pickup.minecraft.golden_leggings":1,"stat.pickup.minecraft.melon":19,"stat.useItem.minecraft.iron_hoe":63,"stat.drop.minecraft.milk_bucket":2,"stat.pickup.minecraft.milk_bucket":4,"stat.pickup.minecraft.feather":556,"stat.drop.minecraft.iron_leggings":5,"stat.drop.minecraft.bone":3,"stat.useItem.minecraft.furnace":16,"stat.pickup.minecraft.iron_leggings":15,"stat.mineBlock.minecraft.gravel":917,"stat.useItem.minecraft.stone_pickaxe":3498,"stat.breakItem.minecraft.stone_axe":1,"stat.craftItem.minecraft.birch_stairs":56,"stat.useItem.minecraft.stone_sword":228,"stat.craftItem.minecraft.iron_leggings":7,"stat.killEntity.Rabbit":1,"stat.useItem.minecraft.wool":26,"stat.drop.minecraft.stick":34,"stat.drop.minecraft.iron_axe":7,"stat.useItem.minecraft.iron_bars":17,"stat.mineBlock.minecraft.monster_egg":3,"stat.useItem.minecraft.torch":1762,"stat.pickup.minecraft.golden_apple":6,"stat.craftItem.minecraft.redstone_block":66,"stat.craftItem.minecraft.stone_stairs":16,"stat.pickup.minecraft.crafting_table":11,"stat.useItem.minecraft.log":16,"stat.craftItem.minecraft.crafting_table":22,"stat.craftItem.minecraft.boat":3,"stat.killEntity.LavaSlime":27,"stat.pickup.minecraft.log":689,"stat.drop.minecraft.stonebrick":51,"stat.drop.minecraft.planks":227,"stat.pickup.minecraft.chainmail_leggings":2,"stat.pickup.minecraft.sapling":46,"stat.pickup.minecraft.wooden_door":1,"stat.entityKilledBy.Enderman":4,"stat.useItem.minecraft.birch_door":1,"stat.drop.minecraft.bow":13,"stat.pickup.minecraft.beetroot":5,"stat.killEntity.WitherSkeleton":11,"stat.useItem.minecraft.wooden_pressure_plate":5,"stat.pickup.minecraft.golden_sword":1,"stat.craftItem.minecraft.cooked_chicken":410,"stat.useItem.minecraft.stone_hoe":75,"stat.craftItem.minecraft.sugar":31,"stat.useItem.minecraft.beetroot_seeds":2,"stat.sneakTime":10877,"stat.pickup.minecraft.rabbit":1,"stat.mineBlock.minecraft.cobblestone_wall":28,"stat.drop.minecraft.bucket":5,"stat.entityKilledBy.Blaze":1,"stat.useItem.minecraft.baked_potato":471,"stat.pickup.minecraft.stone_slab":111,"stat.useItem.minecraft.brewing_stand":3,"stat.pickup.minecraft.yellow_flower":7,"stat.pickup.minecraft.chest":5,"stat.drop.minecraft.stone_pickaxe":19,"stat.pickup.minecraft.bone":150,"stat.pickup.minecraft.stone_pressure_plate":1,"stat.pickup.minecraft.redstone_torch":4,"stat.horseOneCm":3414123,"stat.drop.minecraft.glowstone_dust":64,"stat.useItem.minecraft.log2":2,"stat.drop.minecraft.mossy_cobblestone":37,"stat.useItem.minecraft.diamond_sword":1285,"stat.craftItem.minecraft.diamond_helmet":1,"stat.swimOneCm":173487,"stat.climbOneCm":453506,"stat.craftItem.minecraft.gold_block":15,"stat.enderchestOpened":162,"stat.useItem.minecraft.redstone_torch":3,"stat.useItem.minecraft.dirt":688,"stat.drop.minecraft.quartz":49,"stat.pickup.minecraft.golden_helmet":1,"achievement.exploreAllBiomes":{"value":0,"progress":["Birch Forest Hills","Sunflower Plains","Savanna Plateau","ForestHills","Desert M","Flower Forest","Roofed Forest","Birch Forest","Plains","Beach","DesertHills","Forest","Ocean","River","Desert","Savanna M","Extreme Hills","Deep Ocean","Savanna","Hell"]},"stat.craftItem.minecraft.stone_pickaxe":27,"stat.mineBlock.minecraft.magma":79,"stat.pickup.minecraft.cobblestone":7659,"stat.pickup.minecraft.gold_block":9,"stat.useItem.minecraft.stone_shovel":524,"stat.craftItem.minecraft.glass_bottle":81,"stat.pickup.minecraft.soul_sand":52,"stat.pickup.minecraft.glass_bottle":20,"stat.drop.minecraft.wheat_seeds":9,"stat.useItem.minecraft.cooked_beef":9,"stat.craftItem.minecraft.wooden_slab":84,"stat.pickup.minecraft.cactus":30,"stat.pickup.minecraft.redstone":1958,"stat.mineBlock.minecraft.iron_ore":757,"stat.craftItem.minecraft.book":17,"stat.drop.minecraft.log":21,"stat.useItem.minecraft.sign":29,"stat.pickup.minecraft.mutton":17,"stat.pickup.minecraft.mossy_cobblestone":102,"stat.drop.minecraft.coal":524,"stat.useItem.minecraft.lever":5,"stat.pickup.minecraft.dark_oak_door":1,"stat.pickup.minecraft.stonebrick":82,"stat.drop.minecraft.dirt":75,"stat.useItem.minecraft.cooked_porkchop":16,"stat.pickup.minecraft.iron_shovel":5,"stat.pickup.minecraft.trapdoor":3,"stat.drop.minecraft.beetroot_seeds":9,"stat.pickup.minecraft.diamond_shovel":1,"stat.mineBlock.minecraft.nether_brick":229,"stat.drop.minecraft.log2":219,"stat.pickup.minecraft.paper":16,"stat.craftItem.minecraft.stick":1164,"stat.drop.minecraft.potion":23,"stat.useItem.minecraft.stone_slab":127,"stat.useItem.minecraft.bed":23,"stat.craftItem.minecraft.stone":576,"stat.mineBlock.minecraft.crafting_table":9,"stat.useItem.minecraft.diamond_pickaxe":7304,"stat.useItem.minecraft.carrot":92,"stat.useItem.minecraft.ender_eye":17,"stat.pickup.minecraft.golden_horse_armor":1,"stat.drop.minecraft.golden_apple":2,"stat.useItem.minecraft.bucket":136,"stat.entityKilledBy.Creeper":2,"stat.drop.minecraft.tipped_arrow":61,"achievement.buildFurnace":12,"stat.mineBlock.minecraft.planks":367,"stat.drop":296,"stat.killEntity.Sheep":9,"stat.pickup.minecraft.slime_ball":20,"stat.drop.minecraft.iron_boots":4,"stat.craftItem.minecraft.diamond_pickaxe":5,"stat.pickup.minecraft.golden_chestplate":2,"stat.useItem.minecraft.melon_seeds":4,"stat.drop.minecraft.nether_wart":10,"stat.craftItem.minecraft.piston":1,"stat.pickup.minecraft.gravel":1121,"stat.useItem.minecraft.glass_bottle":160,"stat.killEntity.Slime":22,"stat.useItem.minecraft.diamond_axe":851,"stat.useItem.minecraft.apple":1,"stat.mineBlock.minecraft.deadbush":1,"stat.useItem.minecraft.potion":69,"stat.drop.minecraft.cooked_porkchop":6,"stat.pickup.minecraft.diamond_sword":11,"stat.pickup.minecraft.fence":57,"stat.pickup.minecraft.iron_helmet":16,"stat.useItem.minecraft.stone_axe":305,"stat.useItem.minecraft.piston":5,"stat.craftItem.minecraft.bread":5,"stat.pickup.minecraft.spider_eye":97,"stat.craftItem.minecraft.iron_helmet":8,"stat.craftItem.minecraft.rail":16,"stat.useItem.minecraft.cooked_chicken":153,"stat.pickup.minecraft.iron_ore":855,"stat.boatOneCm":516156,"stat.mineBlock.minecraft.iron_bars":19,"stat.craftItem.minecraft.flint_and_steel":1,"stat.pickup.minecraft.leaves":190,"stat.mineBlock.minecraft.leaves2":15,"stat.mineBlock.minecraft.stone_stairs":4,"stat.pickup.minecraft.leather":36,"stat.craftItem.minecraft.iron_bars":16,"stat.mineBlock.minecraft.furnace":4,"stat.useItem.minecraft.wooden_pickaxe":30,"stat.dispenserInspected":5,"stat.drop.minecraft.water_bucket":2,"stat.pickup.minecraft.reeds":209,"stat.killEntity.CaveSpider":9,"stat.pickup.minecraft.oak_stairs":8,"stat.damageDealt":113314,"stat.drop.minecraft.cooked_chicken":35,"stat.craftItem.minecraft.glass":144,"stat.craftItem.minecraft.cauldron":1,"stat.sleepInBed":115,"stat.craftItem.minecraft.baked_potato":694,"stat.craftItem.minecraft.anvil":2,"stat.killEntity.Cow":17,"stat.useItem.minecraft.crafting_table":27,"stat.pickup.minecraft.minecart":40,"stat.killEntity.Pig":12,"stat.craftItem.minecraft.iron_sword":5,"stat.pickup.minecraft.piston":5,"stat.craftItem.minecraft.stone_shovel":5,"stat.walkOneCm":7977784,"stat.pickup.minecraft.stick":116,"stat.breakItem.minecraft.stone_pickaxe":18,"stat.craftItem.minecraft.diamond_boots":1,"stat.pickup.minecraft.tnt":9,"stat.drop.minecraft.iron_chestplate":5,"stat.pickup.minecraft.stone":1400,"stat.mineBlock.minecraft.wool":3,"stat.useItem.minecraft.leaves":40,"stat.craftItem.minecraft.minecart":2,"stat.useItem.minecraft.cactus":9,"stat.pickup.minecraft.gold_ingot":38,"stat.killEntity.Skeleton":97,"stat.mineBlock.minecraft.cactus":10,"stat.killEntity.Chicken":256,"stat.drop.minecraft.crafting_table":1,"stat.mineBlock.minecraft.redstone_torch":4,"stat.killEntity.Spider":202,"stat.mineBlock.minecraft.quartz_ore":904,"stat.pickup.minecraft.bread":1,"stat.pickup.minecraft.dragon_breath":13,"stat.pickup.minecraft.quartz":1109,"stat.craftItem.minecraft.fence":18,"stat.useItem.minecraft.golden_apple":2,"stat.pickup.minecraft.water_bucket":5,"stat.mineBlock.minecraft.leaves":331,"stat.mineBlock.minecraft.piston":5,"stat.mineBlock.minecraft.redstone_ore":370,"stat.craftItem.minecraft.tripwire_hook":2,"stat.mineBlock.minecraft.stone":8156,"stat.useItem.minecraft.sandstone":18}