{"stat.useItem.minecraft.bow":108,"stat.useItem.minecraft.quartz_block":132,"stat.pickup.minecraft.wooden_slab":18,"stat.leaveGame":28,"stat.drop.minecraft.gunpowder":33,"stat.useItem.minecraft.glowstone":14,"stat.pickup.minecraft.dark_oak_boat":1,"stat.mineBlock.minecraft.sandstone":12,"stat.craftItem.minecraft.ender_eye":1,"stat.craftItem.minecraft.shield":14,"stat.mineBlock.minecraft.web":62,"stat.drop.minecraft.feather":105,"stat.drop.minecraft.iron_sword":15,"stat.pickup.minecraft.rotten_flesh":129,"stat.useItem.minecraft.diamond_hoe":197,"stat.craftItem.minecraft.stone_axe":1,"stat.useItem.minecraft.birch_boat":2,"stat.pickup.minecraft.cobblestone_wall":6,"stat.pickup.minecraft.bucket":16,"stat.killEntity.Enderman":7,"stat.mineBlock.minecraft.wooden_slab":10,"stat.pickup.minecraft.leather_boots":1,"stat.useItem.minecraft.anvil":1,"stat.craftItem.minecraft.iron_shovel":2,"stat.pickup.minecraft.brown_mushroom":20,"achievement.buildPickaxe":70,"stat.killEntity.Witch":3,"stat.drop.minecraft.sand":1,"stat.mineBlock.minecraft.end_stone":4,"stat.drop.minecraft.gold_ingot":32,"stat.useItem.minecraft.iron_pickaxe":2065,"stat.craftItem.minecraft.wooden_pickaxe":1,"stat.useItem.minecraft.iron_shovel":566,"stat.drop.minecraft.chainmail_leggings":1,"stat.drop.minecraft.cooked_mutton":6,"stat.pickup.minecraft.double_plant":10,"stat.craftItem.minecraft.bed":4,"stat.mineBlock.minecraft.hopper":9,"stat.mineBlock.minecraft.sticky_piston":4,"stat.furnaceInteraction":752,"stat.useItem.minecraft.nether_wart":193,"stat.drop.minecraft.gravel":97,"stat.mineBlock.minecraft.rail":68,"stat.killEntity.ZombieVillager":2,"stat.pickup.minecraft.nether_brick":270,"stat.entityKilledBy.WitherSkeleton":2,"stat.pickup.minecraft.beef":40,"stat.mineBlock.minecraft.wooden_button":3,"stat.drop.minecraft.cactus":3,"stat.useItem.minecraft.trapdoor":2,"stat.useItem.minecraft.fence":69,"stat.useItem.minecraft.dark_oak_door":2,"achievement.openInventory":1573,"stat.pickup.minecraft.potion":30,"stat.useItem.minecraft.flint_and_steel":112,"stat.mineBlock.minecraft.fence":9,"stat.useItem.minecraft.wheat_seeds":89,"stat.useItem.minecraft.wooden_button":4,"stat.killEntity.Husk":26,"stat.useItem.minecraft.dye":91,"stat.craftItem.minecraft.dark_oak_boat":1,"stat.deaths":17,"stat.pickup.minecraft.egg":2168,"stat.craftItem.minecraft.melon_seeds":54,"stat.useItem.minecraft.nether_brick":168,"stat.craftItem.minecraft.iron_pickaxe":16,"stat.drop.minecraft.iron_ingot":144,"stat.drop.minecraft.torch":25,"stat.drop.minecraft.glass_bottle":6,"stat.craftItem.minecraft.repeater":4,"stat.mineBlock.minecraft.tallgrass":1165,"stat.craftItem.minecraft.cooked_mutton":9,"stat.pickup.minecraft.cooked_mutton":9,"achievement.potion":10,"stat.chestOpened":2263,"stat.useItem.minecraft.splash_potion":2,"stat.craftItem.minecraft.sign":27,"stat.useItem.minecraft.stone":8,"stat.pickup.minecraft.arrow":277,"stat.pickup.minecraft.iron_sword":23,"stat.pickup.minecraft.wooden_pressure_plate":3,"stat.useItem.minecraft.ender_chest":2,"stat.craftItem.minecraft.quartz_block":228,"stat.drop.minecraft.iron_pickaxe":10,"stat.craftItem.minecraft.ender_chest":1,"stat.pickup.minecraft.carrot":533,"stat.drop.minecraft.stone_sword":2,"stat.crouchOneCm":79456,"achievement.killCow":7,"stat.mineBlock.minecraft.chest":19,"stat.pickup.minecraft.rail":82,"stat.craftItem.minecraft.iron_ingot":480,"stat.pickup.minecraft.ender_chest":1,"stat.craftItem.minecraft.hopper":2,"stat.craftingTableInteraction":355,"stat.pickup.minecraft.nether_brick_fence":3,"stat.mineBlock.minecraft.wooden_pressure_plate":3,"stat.pickup.minecraft.repeater":9,"stat.mineBlock.minecraft.log2":274,"stat.drop.minecraft.double_plant":1,"achievement.bakeCake":1,"stat.useItem.minecraft.reeds":179,"stat.pickup.minecraft.birch_boat":1,"stat.craftItem.minecraft.nether_brick":124,"stat.pickup.minecraft.dye":2282,"stat.pickup.minecraft.planks":860,"stat.drop.minecraft.minecart":1,"stat.craftItem.minecraft.diamond_shovel":1,"stat.pickup.minecraft.wheat_seeds":470,"stat.mineBlock.minecraft.glass":7,"stat.useItem.minecraft.enchanting_table":1,"stat.mineBlock.minecraft.ender_chest":1,"stat.mineBlock.minecraft.dirt":1478,"stat.pickup.minecraft.poisonous_potato":13,"stat.useItem.minecraft.bread":1,"stat.drop.minecraft.rotten_flesh":14,"stat.useItem.minecraft.cobblestone":675,"stat.pickup.minecraft.magma":41,"stat.craftItem.minecraft.leather_boots":2,"stat.useItem.minecraft.gravel":653,"stat.mineBlock.minecraft.double_plant":65,"stat.minecartOneCm":242,"stat.drop.minecraft.chicken":12,"stat.pickup.minecraft.iron_pickaxe":15,"stat.drop.minecraft.iron_ore":9,"stat.craftItem.minecraft.gold_ingot":97,"stat.drop.minecraft.sapling":5,"stat.pickup.minecraft.hopper":10,"stat.pickup.minecraft.chicken":538,"stat.pickup.minecraft.tipped_arrow":82,"stat.pickup.minecraft.apple":4,"stat.pickup.minecraft.end_stone":2,"stat.pickup.minecraft.banner":1,"stat.breakItem.minecraft.stone_shovel":2,"achievement.portal":39,"stat.craftItem.minecraft.bucket":11,"stat.craftItem.minecraft.planks":4576,"stat.useItem.minecraft.iron_sword":1794,"stat.itemEnchanted":42,"stat.pickup.minecraft.stone_sword":3,"stat.pickup.minecraft.book":149,"stat.useItem.minecraft.stonebrick":1067,"stat.mineBlock.minecraft.log":580,"stat.craftItem.minecraft.wooden_door":3,"stat.useItem.minecraft.wooden_door":3,"achievement.acquireIron":48,"stat.pickup.minecraft.red_flower":27,"stat.pickup.minecraft.wool":54,"stat.useItem.minecraft.wooden_axe":10,"stat.craftItem.minecraft.trapped_chest":2,"stat.pickup.minecraft.trapped_chest":3,"stat.cakeSlicesEaten":7,"stat.pickup.minecraft.tripwire_hook":1,"stat.pickup.minecraft.bookshelf":2,"stat.useItem.minecraft.iron_axe":1001,"stat.drop.minecraft.stone_shovel":1,"stat.mineBlock.minecraft.cobblestone":127,"stat.pickup.minecraft.stone_pickaxe":22,"stat.pickup.minecraft.flint":48,"stat.mineBlock.minecraft.yellow_flower":18,"stat.useItem.minecraft.skull":1,"stat.craftItem.minecraft.wool":131,"stat.pickup.minecraft.enchanted_book":3,"stat.drop.minecraft.cobblestone":134,"achievement.buildWorkBench":16,"stat.pickup.minecraft.cooked_porkchop":13,"stat.breakItem.minecraft.iron_pickaxe":5,"stat.craftItem.minecraft.arrow":160,"stat.pickup.minecraft.sticky_piston":4,"stat.pickup.minecraft.bow":25,"stat.pickup.minecraft.iron_boots":14,"stat.craftItem.minecraft.dark_oak_door":3,"stat.pickup.minecraft.diamond_horse_armor":1,"stat.craftItem.minecraft.furnace":13,"stat.useItem.minecraft.egg":317,"stat.craftItem.minecraft.iron_boots":7,"stat.craftItem.minecraft.cooked_beef":22,"stat.mineBlock.minecraft.obsidian":11,"stat.pickup.minecraft.shears":2,"stat.craftItem.minecraft.bow":26,"stat.flyOneCm":6320187,"stat.drop.minecraft.iron_helmet":6,"stat.pickup.minecraft.sandstone":152,"stat.pickup.minecraft.nether_brick_stairs":1,"stat.timeSinceDeath":174724,"stat.cauldronFilled":2,"stat.useItem.minecraft.wooden_slab":22,"stat.drop.minecraft.spider_eye":1,"stat.craftItem.minecraft.iron_block":3,"stat.killEntity.Bat":1,"stat.craftItem.minecraft.stonebrick":876,"stat.useItem.minecraft.potato":435,"stat.pickup.minecraft.nether_wart":423,"stat.mineBlock.minecraft.coal_ore":90,"stat.pickup.minecraft.shield":9,"stat.killEntity.Creeper":15,"stat.craftItem.minecraft.stone_hoe":2,"stat.talkedToVillager":11,"stat.drop.minecraft.baked_potato":305,"stat.pickup.minecraft.string":314,"stat.mineBlock.minecraft.ladder":3,"stat.useItem.minecraft.milk_bucket":8,"stat.drop.minecraft.obsidian":12,"achievement.buildSword":10,"stat.drop.minecraft.oak_stairs":1,"stat.pickup.minecraft.birch_stairs":2,"stat.killEntity.Squid":11,"stat.sprintOneCm":7311240,"stat.useItem.minecraft.diamond_shovel":890,"stat.mineBlock.minecraft.stone_slab":13,"stat.craftItem.minecraft.wooden_axe":1,"stat.mineBlock.minecraft.diamond_ore":10,"achievement.killEnemy":322,"stat.pickup.minecraft.sugar":1,"stat.useItem.minecraft.cake":1,"stat.useItem.minecraft.banner":1,"stat.breakItem.minecraft.iron_shovel":1,"stat.useItem.minecraft.ladder":42,"stat.killEntity.Zombie":37,"stat.craftItem.minecraft.dye":282,"stat.useItem.minecraft.birch_stairs":51,"stat.craftItem.minecraft.diamond_axe":1,"stat.mineBlock.minecraft.gold_ore":59,"stat.diveOneCm":120598,"stat.drop.minecraft.diamond_pickaxe":8,"stat.pickup.minecraft.wheat":83,"stat.mineBlock.minecraft.mossy_cobblestone":1,"stat.useItem.minecraft.sticky_piston":6,"stat.craftItem.minecraft.ladder":60,"achievement.buildHoe":4,"stat.pickup.minecraft.sign":14,"stat.drop.minecraft.bookshelf":1,"stat.craftItem.minecraft.cooked_porkchop":20,"stat.drop.minecraft.ladder":13,"stat.pickup.minecraft.stone_axe":2,"stat.pickup.minecraft.obsidian":33,"stat.useItem.minecraft.rotten_flesh":2,"stat.craftItem.minecraft.diamond_sword":2,"stat.jump":32975,"stat.useItem.minecraft.sand":137,"stat.pickup.minecraft.coal":525,"stat.pickup.minecraft.iron_ingot":261,"stat.useItem.minecraft.dark_oak_boat":1,"stat.craftItem.minecraft.lever":1,"stat.drop.minecraft.diamond_sword":12,"stat.pickup.minecraft.gunpowder":74,"stat.craftItem.minecraft.torch":254,"stat.pickup.minecraft.dirt":1948,"achievement.makeBread":1,"stat.drop.minecraft.iron_shovel":1,"stat.useItem.minecraft.dispenser":4,"stat.useItem.minecraft.glass":121,"stat.pickup.minecraft.stone_shovel":5,"stat.pickup.minecraft.gold_ore":64,"stat.mineBlock.minecraft.lapis_ore":15,"achievement.blazeRod":46,"stat.pickup.minecraft.iron_axe":13,"stat.mineBlock.minecraft.glass_pane":1,"stat.brewingstandInteraction":44,"stat.damageTaken":22173,"stat.mineBlock.minecraft.red_flower":26,"stat.mineBlock.minecraft.torch":110,"stat.mineBlock.minecraft.melon_block":9,"stat.pickup.minecraft.magma_cream":4,"stat.pickup.minecraft.ender_eye":5,"stat.pickup.minecraft.log2":553,"stat.craftItem.minecraft.glowstone":17,"stat.pickup.minecraft.bed":23,"stat.cauldronUsed":2,"stat.pickup.minecraft.quartz_block":3,"stat.pickup.minecraft.potato":1207,"stat.pickup.minecraft.rabbit_hide":1,"stat.pickup.minecraft.diamond_axe":1,"stat.killEntity.Silverfish":5,"stat.craftItem.minecraft.stone_slab":36,"stat.animalsBred":60,"stat.useItem.minecraft.chest":65,"stat.drop.minecraft.wheat":1,"stat.pickup.minecraft.diamond_pickaxe":10,"stat.drop.minecraft.netherrack":2,"stat.drop.minecraft.birch_stairs":1,"stat.useItem.minecraft.melon":1,"stat.craftItem.minecraft.iron_chestplate":7,"stat.pickup.minecraft.baked_potato":779,"stat.drop.minecraft.potato":6,"stat.pickup.minecraft.ender_pearl":11,"stat.drop.minecraft.wooden_slab":5,"stat.pickup.minecraft.cooked_beef":2,"stat.pickup.minecraft.ladder":18,"stat.useItem.minecraft.netherrack":226,"stat.craftItem.minecraft.bookshelf":22,"stat.mineBlock.minecraft.stonebrick":153,"stat.drop.minecraft.dragon_breath":13,"stat.mineBlock.minecraft.glowstone":78,"stat.pickup.minecraft.dark_oak_stairs":1,"stat.mobKills":1084,"stat.pickup.minecraft.diamond_boots":2,"stat.mineBlock.minecraft.bookshelf":23,"stat.craftItem.minecraft.shears":1,"stat.useItem.minecraft.boat":4,"stat.useItem.minecraft.mossy_cobblestone":9,"stat.pickup.minecraft.diamond":14,"stat.pickup.minecraft.beetroot_seeds":34,"stat.pickup.minecraft.iron_horse_armor":2,"stat.useItem.minecraft.writable_book":4,"stat.pickup.minecraft.torch":857,"stat.craftItem.minecraft.nether_brick_stairs":36,"stat.drop.minecraft.diamond_shovel":1,"stat.drop.minecraft.arrow":167,"stat.drop.minecraft.shears":1,"stat.useItem.minecraft.bookshelf":22,"stat.craftItem.minecraft.iron_axe":4,"stat.useItem.minecraft.soul_sand":18,"stat.killEntity.Blaze":60,"stat.drop.minecraft.shield":7,"stat.useItem.minecraft.planks":1950,"stat.useItem.minecraft.nether_brick_stairs":4,"stat.pickup.minecraft.glowstone_dust":262,"stat.pickup.minecraft.porkchop":31,"stat.pickup.minecraft.blaze_powder":1,"stat.pickup.minecraft.glass":38,"stat.useItem.minecraft.water_bucket":95,"stat.mineBlock.minecraft.red_mushroom":7,"stat.mineBlock.minecraft.nether_brick_fence":1,"stat.drop.minecraft.poisonous_potato":1,"stat.pickup.minecraft.sand":460,"stat.craftItem.minecraft.golden_apple":7,"stat.useItem.minecraft.golden_sword":45,"stat.entityKilledBy.Spider":1,"stat.pickup.minecraft.splash_potion":3,"stat.pickup.minecraft.name_tag":2,"achievement.diamonds":9,"stat.craftItem.minecraft.stone_sword":1,"stat.useItem.minecraft.ender_pearl":1,"stat.mineBlock.minecraft.sand":227,"stat.craftItem.minecraft.wooden_hoe":1,"achievement.buildBetterPickaxe":69,"stat.hopperInspected":30,"stat.useItem.minecraft.fence_gate":2,"stat.breakItem.minecraft.flint_and_steel":1,"stat.craftItem.minecraft.birch_door":6,"stat.trappedChestTriggered":220,"stat.drop.minecraft.rail":1,"achievement.breedCow":8,"stat.useItem.minecraft.oak_stairs":18,"stat.mineBlock.minecraft.dark_oak_stairs":1,"stat.craftItem.minecraft.observer":1,"stat.useItem.minecraft.dark_oak_stairs":10,"stat.pickup.minecraft.wooden_button":3,"stat.mineBlock.minecraft.birch_stairs":1,"stat.pickup.minecraft.furnace":5,"stat.useItem.minecraft.cooked_mutton":9,"stat.useItem.minecraft.redstone":85,"achievement.mineWood":798,"stat.pickup.minecraft.iron_chestplate":13,"stat.pickup.minecraft.skull":1,"stat.craftItem.minecraft.fence_gate":2,"stat.useItem.minecraft.hopper":10,"stat.pickup.minecraft.saddle":2,"stat.mineBlock.minecraft.soul_sand":41,"stat.mineBlock.minecraft.oak_stairs":6,"stat.playOneMinute":2377123,"stat.pickup.minecraft.blaze_rod":60,"stat.pickup.minecraft.birch_door":4,"stat.drop.minecraft.string":2,"stat.useItem.minecraft.shears":24,"stat.mineBlock.minecraft.brown_mushroom_block":49,"stat.pickup.minecraft.iron_bars":40,"stat.pickup.minecraft.dispenser":3,"stat.pickup.minecraft.netherrack":1110,"stat.mineBlock.minecraft.netherrack":1104,"stat.mineBlock.minecraft.dispenser":3,"stat.craftItem.minecraft.dark_oak_stairs":76,"stat.craftItem.minecraft.redstone_torch":28,"stat.mineBlock.minecraft.gold_block":4,"stat.craftItem.minecraft.iron_hoe":1,"stat.craftItem.minecraft.iron_nugget":1,"stat.pickup.minecraft.cooked_chicken":716,"stat.fallOneCm":861946,"stat.drop.minecraft.stone":12,"stat.drop.minecraft.dye":32,"stat.useItem.minecraft.trapped_chest":5,"stat.pickup.minecraft.melon_seeds":13,"stat.craftItem.minecraft.chest":53,"stat.craftItem.minecraft.banner":8,"stat.pickup.minecraft.red_mushroom":8,"stat.pickup.minecraft.melon":40,"stat.useItem.minecraft.iron_hoe":91,"stat.drop.minecraft.milk_bucket":2,"stat.pickup.minecraft.milk_bucket":2,"stat.pickup.minecraft.feather":780,"stat.drop.minecraft.iron_leggings":5,"stat.drop.minecraft.bone":11,"stat.craftItem.minecraft.wooden_button":3,"stat.useItem.minecraft.furnace":13,"stat.pickup.minecraft.iron_leggings":13,"stat.killEntity.Llama":1,"stat.mineBlock.minecraft.gravel":613,"stat.useItem.minecraft.stone_pickaxe":1332,"stat.breakItem.minecraft.stone_axe":1,"stat.craftItem.minecraft.birch_stairs":120,"stat.useItem.minecraft.stone_sword":13,"stat.craftItem.minecraft.iron_leggings":4,"stat.killEntity.Rabbit":2,"stat.useItem.minecraft.wool":18,"stat.craftItem.minecraft.oak_stairs":80,"stat.drop.minecraft.stick":27,"stat.drop.minecraft.iron_axe":9,"stat.useItem.minecraft.iron_bars":22,"stat.pickup.minecraft.flint_and_steel":2,"stat.useItem.minecraft.torch":342,"stat.pickup.minecraft.golden_apple":2,"stat.pickup.minecraft.iron_nugget":1,"stat.craftItem.minecraft.redstone_block":84,"stat.pickup.minecraft.crafting_table":8,"stat.useItem.minecraft.log":26,"stat.craftItem.minecraft.crafting_table":16,"stat.craftItem.minecraft.boat":3,"stat.killEntity.LavaSlime":11,"stat.pickup.minecraft.log":653,"stat.drop.minecraft.sign":13,"stat.drop.minecraft.planks":282,"stat.breakItem.minecraft.iron_helmet":1,"stat.pickup.minecraft.chainmail_leggings":3,"stat.pickup.minecraft.sapling":39,"stat.pickup.minecraft.wooden_door":4,"stat.entityKilledBy.Enderman":1,"stat.useItem.minecraft.birch_door":7,"stat.drop.minecraft.bow":6,"stat.pickup.minecraft.beetroot":17,"stat.killEntity.WitherSkeleton":2,"stat.pickup.minecraft.golden_sword":1,"stat.craftItem.minecraft.cooked_chicken":439,"stat.useItem.minecraft.stone_hoe":58,"stat.craftItem.minecraft.sugar":3,"stat.sneakTime":24036,"stat.pickup.minecraft.rabbit":1,"stat.drop.minecraft.bucket":4,"stat.useItem.minecraft.baked_potato":375,"stat.pickup.minecraft.stone_slab":23,"stat.pickup.minecraft.yellow_flower":32,"stat.pickup.minecraft.chest":22,"stat.craftItem.minecraft.enchanting_table":1,"stat.drop.minecraft.stone_pickaxe":12,"stat.craftItem.minecraft.diamond_chestplate":1,"stat.pickup.minecraft.bone":86,"stat.craftItem.minecraft.sticky_piston":6,"stat.pickup.minecraft.stone_pressure_plate":2,"stat.pickup.minecraft.redstone_torch":21,"stat.horseOneCm":106689,"stat.useItem.minecraft.repeater":13,"stat.useItem.minecraft.log2":25,"stat.drop.minecraft.mossy_cobblestone":37,"stat.mineBlock.minecraft.brown_mushroom":11,"stat.useItem.minecraft.diamond_sword":636,"stat.swimOneCm":208931,"stat.climbOneCm":345087,"stat.craftItem.minecraft.gold_block":1,"stat.enderchestOpened":230,"stat.drop.minecraft.brown_mushroom":1,"stat.useItem.minecraft.redstone_torch":14,"stat.useItem.minecraft.dirt":880,"achievement.exploreAllBiomes":{"value":0,"progress":["Birch Forest Hills","Sunflower Plains","Savanna Plateau","ForestHills","Desert M","Flower Forest","Roofed Forest","Birch Forest","Plains","The End","Beach","DesertHills","Forest","Ocean","River","Desert","Deep Ocean","Savanna","Hell"]},"stat.useItem.minecraft.red_flower":1,"stat.useItem.minecraft.iron_ore":3,"stat.craftItem.minecraft.trapdoor":2,"stat.drop.minecraft.ender_pearl":4,"stat.craftItem.minecraft.stone_pickaxe":52,"stat.mineBlock.minecraft.magma":48,"stat.pickup.minecraft.cobblestone":2294,"stat.pickup.minecraft.gold_block":4,"stat.useItem.minecraft.stone_shovel":397,"stat.craftItem.minecraft.glass_bottle":117,"stat.pickup.minecraft.soul_sand":54,"stat.pickup.minecraft.glass_bottle":22,"stat.drop.minecraft.wheat_seeds":4,"stat.craftItem.minecraft.wooden_slab":24,"stat.useItem.minecraft.cooked_beef":13,"stat.pickup.minecraft.cactus":204,"stat.pickup.minecraft.redstone":735,"stat.craftItem.minecraft.dispenser":1,"stat.mineBlock.minecraft.iron_ore":170,"stat.drop.minecraft.log":74,"stat.useItem.minecraft.sign":5,"stat.pickup.minecraft.mutton":16,"stat.drop.minecraft.name_tag":1,"achievement.theEnd":1,"stat.pickup.minecraft.mossy_cobblestone":75,"stat.craftItem.minecraft.cake":1,"stat.drop.minecraft.coal":342,"stat.drop.minecraft.iron_bars":16,"stat.breakItem.minecraft.golden_sword":1,"stat.pickup.minecraft.dark_oak_door":1,"stat.pickup.minecraft.stonebrick":242,"stat.drop.minecraft.dirt":1,"stat.useItem.minecraft.cooked_porkchop":18,"stat.pickup.minecraft.iron_shovel":4,"stat.pickup.minecraft.trapdoor":3,"stat.pickup.minecraft.diamond_shovel":2,"stat.mineBlock.minecraft.nether_brick":35,"stat.drop.minecraft.log2":64,"stat.craftItem.minecraft.stick":772,"stat.drop.minecraft.potion":6,"stat.useItem.minecraft.stone_slab":44,"stat.useItem.minecraft.bed":17,"stat.craftItem.minecraft.stone":516,"stat.mineBlock.minecraft.crafting_table":5,"stat.drop.minecraft.leaves":6,"stat.useItem.minecraft.diamond_pickaxe":1153,"stat.mineBlock.minecraft.quartz_block":4,"stat.useItem.minecraft.carrot":299,"stat.useItem.minecraft.ender_eye":13,"stat.pickup.minecraft.golden_horse_armor":1,"stat.drop.minecraft.golden_apple":2,"stat.useItem.minecraft.bucket":97,"stat.entityKilledBy.Creeper":3,"stat.drop.minecraft.tipped_arrow":27,"achievement.buildFurnace":12,"stat.mineBlock.minecraft.planks":278,"stat.drop":612,"stat.killEntity.Sheep":7,"stat.pickup.minecraft.slime_ball":22,"stat.drop.minecraft.iron_boots":3,"stat.craftItem.minecraft.diamond_pickaxe":1,"stat.useItem.minecraft.melon_seeds":67,"stat.craftItem.minecraft.piston":7,"stat.pickup.minecraft.gravel":724,"stat.drop.minecraft.cooked_beef":2,"stat.useItem.minecraft.glass_bottle":13,"stat.killEntity.Slime":14,"stat.useItem.minecraft.diamond_axe":387,"stat.useItem.minecraft.apple":1,"stat.mineBlock.minecraft.deadbush":32,"stat.useItem.minecraft.porkchop":2,"stat.useItem.minecraft.potion":39,"stat.drop.minecraft.cooked_porkchop":6,"stat.pickup.minecraft.diamond_sword":15,"stat.useItem.minecraft.wooden_hoe":3,"stat.pickup.minecraft.fence":49,"stat.pickup.minecraft.iron_helmet":20,"stat.craftItem.minecraft.birch_boat":1,"stat.useItem.minecraft.stone_axe":172,"stat.craftItem.minecraft.bread":1,"stat.pickup.minecraft.spider_eye":30,"stat.craftItem.minecraft.iron_helmet":6,"stat.drop.minecraft.bed":1,"stat.useItem.minecraft.cooked_chicken":155,"stat.pickup.minecraft.iron_ore":262,"stat.boatOneCm":435887,"stat.drop.minecraft.magma_cream":1,"stat.mineBlock.minecraft.iron_bars":18,"stat.craftItem.minecraft.flint_and_steel":1,"stat.pickup.minecraft.leaves":6,"stat.mineBlock.minecraft.leaves2":1,"stat.pickup.minecraft.leather":33,"stat.mineBlock.minecraft.furnace":2,"stat.useItem.minecraft.wooden_pickaxe":6,"stat.dispenserInspected":9,"stat.drop.minecraft.water_bucket":3,"stat.pickup.minecraft.reeds":526,"stat.killEntity.CaveSpider":3,"stat.craftItem.minecraft.netherbrick":496,"stat.pickup.minecraft.oak_stairs":7,"stat.damageDealt":63472,"stat.craftItem.minecraft.glass":271,"stat.drop.minecraft.cooked_chicken":95,"stat.sleepInBed":112,"stat.craftItem.minecraft.baked_potato":655,"stat.craftItem.minecraft.anvil":1,"stat.mineBlock.minecraft.nether_brick_stairs":1,"stat.killEntity.Cow":11,"stat.useItem.minecraft.crafting_table":15,"stat.pickup.minecraft.minecart":4,"stat.killEntity.Pig":12,"stat.craftItem.minecraft.iron_sword":7,"stat.pickup.minecraft.boat":3,"stat.craftItem.minecraft.stone_shovel":2,"stat.walkOneCm":6610557,"stat.pickup.minecraft.stick":449,"stat.mineBlock.minecraft.trapped_chest":3,"stat.breakItem.minecraft.stone_pickaxe":7,"stat.drop.minecraft.diamond_axe":1,"stat.craftItem.minecraft.writable_book":1,"stat.pickup.minecraft.tnt":18,"stat.drop.minecraft.iron_chestplate":4,"stat.pickup.minecraft.stone":463,"stat.mineBlock.minecraft.wool":22,"stat.useItem.minecraft.cactus":57,"stat.killEntity.Skeleton":30,"stat.mineBlock.minecraft.cactus":98,"stat.killEntity.Chicken":605,"stat.pickup.minecraft.netherbrick":16,"stat.mineBlock.minecraft.redstone_torch":12,"stat.killEntity.Spider":107,"stat.mineBlock.minecraft.quartz_ore":774,"stat.pickup.minecraft.bread":2,"stat.drop.minecraft.diamond_boots":2,"stat.pickup.minecraft.quartz":798,"stat.craftItem.minecraft.fence":180,"stat.useItem.minecraft.golden_apple":8,"stat.pickup.minecraft.water_bucket":4,"stat.mineBlock.minecraft.leaves":98,"stat.mineBlock.minecraft.redstone_ore":47,"stat.pickup.minecraft.lava_bucket":1,"stat.craftItem.minecraft.tripwire_hook":4,"stat.mineBlock.minecraft.stone":1500,"stat.useItem.minecraft.sandstone":7}